sa2_2018_code,sa2_type
341500,Tourism
346200,Tourism
357200,Tourism
347300,Tourism
346400,Tourism
357700,Tourism
348100,Tourism
357000,Tourism
357300,Tourism
348200,Tourism
311300,Tourism
348600,Tourism
259500,Tourism
352700,Tourism
346000,Tourism
347400,Tourism
147900,Tourism
346300,Tourism
333600,Tourism
343100,Tourism
345900,Tourism
357500,Tourism
357600,Tourism
346100,Tourism
311900,Tourism
249700,Transit
250500,Transit
238600,Transit
195000,Transit
173000,Transit
130200,Transit
128200,Transit
129299,Transit
132200,Transit
129900,Transit
322600,Transit
317200,Transit
335600,Transit
350700,Transit
353600,Transit
100100,Unclassified
100200,Unclassified
100300,Unclassified
100400,Residential
100500,Unclassified
100600,Residential
100700,Workplace
100800,Workplace
100900,Unclassified
101000,Unclassified
101100,Residential
101200,Residential
101300,Unclassified
101400,Unclassified
101500,Unclassified
101600,Unclassified
101700,Unclassified
101800,Residential
101900,Unclassified
102000,Unclassified
102100,Unclassified
102200,Residential
102300,Unclassified
102400,Residential
102500,Unclassified
102600,Unclassified
102700,Unclassified
102800,Unclassified
102900,Unclassified
103000,Workplace
103100,Unclassified
103200,Unclassified
103300,Unclassified
103400,Unclassified
103500,Unclassified
103600,Unclassified
103700,Unclassified
103800,Unclassified
103900,Unclassified
104000,Unclassified
104100,Unclassified
104200,Unclassified
104300,Unclassified
104400,Unclassified
104500,Unclassified
104600,Unclassified
104700,Unclassified
104800,Residential
104900,Recreational
105000,Residential
105100,Residential
105200,Residential
105300,Residential
105400,Residential
105500,Residential
105600,Recreational
105700,Residential
105800,Residential
105900,Residential
106000,Unclassified
106100,Unclassified
106200,Residential
106300,Residential
106400,Residential
106500,Residential
106600,Workplace
106700,Residential
106800,Residential
106900,Workplace
107000,Workplace
107100,Workplace
107200,Workplace
107300,Workplace
107400,Unclassified
107500,Workplace
107600,Residential
107700,Unclassified
107800,Residential
107900,Workplace
108000,Residential
108100,Unclassified
108200,Unclassified
108300,Residential
108400,Residential
108500,Residential
108600,Unclassified
108700,Unclassified
108800,Unclassified
108900,Unclassified
109000,Unclassified
109100,Unclassified
109200,Unclassified
109300,Workplace
109400,Residential
109500,Unclassified
109600,Unclassified
109700,Unclassified
109800,Recreational
109900,Recreational
110000,Unclassified
110100,Recreational
110200,Unclassified
110300,Unclassified
110400,Recreational
110500,Unclassified
110600,Residential
110700,Residential
110800,Residential
110900,Unclassified
111000,Unclassified
111100,Workplace
111200,Unclassified
111300,Workplace
111400,Recreational
111500,Recreational
111600,Residential
111700,Residential
111800,Unclassified
111900,Residential
112000,Residential
112100,Residential
112200,Unclassified
112300,Residential
112400,Unclassified
112500,Residential
112600,Residential
112700,Residential
112800,Residential
112900,Unclassified
113000,Unclassified
113100,Residential
113200,Residential
113300,Unclassified
113400,Unclassified
113500,Residential
113600,Unclassified
113700,Residential
113800,Workplace
113900,Residential
114000,Residential
114100,Unclassified
114200,Residential
114300,Recreational
114400,Residential
114500,Residential
114600,Residential
114700,Unclassified
114800,Residential
114900,Residential
115000,Unclassified
115100,Unclassified
115200,Residential
115300,Residential
115400,Residential
115500,Unclassified
115600,Unclassified
115700,Residential
115800,Residential
115900,Residential
116000,Residential
116100,Unclassified
116200,Residential
116300,Unclassified
116400,Unclassified
116500,Unclassified
116600,Unclassified
116700,Unclassified
116800,Residential
116900,Residential
117000,Unclassified
117100,Residential
117200,Residential
117300,Retail
117400,Unclassified
117500,Residential
117600,Residential
117700,Residential
117800,Residential
117900,Residential
118000,Residential
118100,Workplace
118200,Residential
118300,Unclassified
118400,Unclassified
118500,Unclassified
118600,Workplace
118700,Residential
118800,Retail
118900,Residential
119000,Residential
119100,Residential
119200,Residential
119300,Unclassified
119400,Residential
119500,Unclassified
119600,Unclassified
119700,Workplace
119800,Residential
119900,Unclassified
120000,Residential
120100,Residential
120200,Unclassified
120300,Residential
120400,Unclassified
120500,Unclassified
120600,Residential
120700,Residential
120800,Residential
120900,Residential
121000,Residential
121100,Residential
121200,Unclassified
121300,Unclassified
121400,Residential
121500,Unclassified
121600,Residential
121700,Residential
121800,Residential
121900,Unclassified
122000,Residential
122100,Residential
122200,Residential
122300,Residential
122400,Residential
122500,Residential
122600,Residential
122700,Residential
122800,Residential
122900,Residential
123000,Residential
123100,Unclassified
123200,Residential
123300,Residential
123400,Unclassified
123500,Workplace
123600,Residential
123700,Residential
123800,Residential
123900,Residential
124000,Unclassified
124100,Unclassified
124200,Residential
124300,Residential
124400,Residential
124500,Residential
124600,Unclassified
124700,Residential
124800,Residential
124900,Unclassified
125000,Residential
125100,Workplace
125200,Residential
125300,Residential
125400,Residential
125500,Workplace
125600,Workplace
125700,Unclassified
125800,Residential
125900,Unclassified
126000,Residential
126100,Residential
126200,Residential
126300,Residential
126400,Residential
126500,Unclassified
126600,Workplace
126700,Unclassified
126800,Workplace
126900,Residential
127000,Residential
127100,Unclassified
127200,Workplace
127300,Unclassified
127400,Unclassified
127500,Retail
127600,Residential
127700,Residential
127800,Residential
127900,Unclassified
128000,Residential
128100,Unclassified
128200,Unclassified
128300,Residential
128400,Unclassified
128500,Unclassified
128600,Unclassified
128700,Workplace
128800,Residential
128900,Residential
129000,Residential
129100,Residential
129200,Unclassified
129300,Unclassified
129400,Unclassified
129500,Residential
129600,Residential
129700,Residential
129800,Residential
129900,Unclassified
130000,Residential
130100,Residential
130200,Unclassified
130300,Unclassified
130400,Residential
130500,Residential
130600,Unclassified
130700,Residential
130800,Unclassified
130900,Residential
131000,Unclassified
131100,Unclassified
131200,Unclassified
131300,Workplace
131400,Unclassified
131500,Residential
131600,Unclassified
131700,Unclassified
131800,Workplace
131900,Unclassified
132000,Unclassified
132100,Residential
132200,Unclassified
132300,Unclassified
132400,Workplace
132500,Residential
132600,Residential
132700,Workplace
132800,Residential
132900,Residential
133000,Unclassified
133100,Unclassified
133200,Workplace
133300,Workplace
133400,Workplace
133500,Unclassified
133600,Unclassified
133700,Workplace
133800,Unclassified
133900,Retail
134000,Residential
134100,Workplace
134200,Unclassified
134300,Unclassified
134400,Unclassified
134500,Unclassified
134600,Residential
134700,Residential
134800,Workplace
134900,Residential
135000,Unclassified
135100,Workplace
135200,Residential
135300,Workplace
135400,Residential
135500,Residential
135600,Unclassified
135700,Workplace
135800,Unclassified
135900,Workplace
136000,Workplace
136100,Workplace
136200,Unclassified
136300,Unclassified
136400,Workplace
136500,Residential
136600,Residential
136700,Residential
136800,Residential
136900,Unclassified
137000,Unclassified
137100,Residential
137200,Residential
137300,Residential
137400,Unclassified
137500,Residential
137600,Unclassified
137700,Workplace
137800,Unclassified
137900,Residential
138000,Residential
138100,Residential
138200,Residential
138300,Residential
138400,Residential
138500,Workplace
138600,Residential
138700,Workplace
138800,Unclassified
138900,Residential
139000,Unclassified
139100,Unclassified
139200,Unclassified
139300,Residential
139400,Workplace
139500,Residential
139600,Residential
139700,Residential
139800,Residential
139900,Residential
140000,Unclassified
140100,Residential
140200,Unclassified
140300,Workplace
140400,Residential
140500,Unclassified
140600,Residential
140700,Residential
140800,Residential
140900,Residential
141000,Unclassified
141100,Residential
141200,Unclassified
141300,Residential
141400,Residential
141500,Unclassified
141600,Residential
141700,Residential
141800,Residential
141900,Residential
142000,Unclassified
142100,Unclassified
142200,Workplace
142300,Residential
142400,Residential
142500,Residential
142600,Unclassified
142700,Residential
142800,Residential
142900,Unclassified
143000,Unclassified
143100,Residential
143200,Residential
143300,Unclassified
143400,Unclassified
143500,Residential
143600,Residential
143700,Residential
143800,Workplace
143900,Residential
144000,Residential
144100,Unclassified
144200,Workplace
144300,Residential
144400,Residential
144500,Unclassified
144600,Unclassified
144700,Residential
144800,Workplace
144900,Unclassified
145000,Unclassified
145100,Unclassified
145200,Unclassified
145300,Unclassified
145400,Workplace
145500,Workplace
145600,Unclassified
145700,Unclassified
145800,Unclassified
145900,Workplace
146000,Unclassified
146100,Residential
146200,Unclassified
146300,Residential
146400,Residential
146500,Residential
146600,Workplace
146700,Retail
146800,Unclassified
146900,Unclassified
147000,Residential
147100,Unclassified
147200,Unclassified
147300,Unclassified
147400,Retail
147500,Residential
147600,Unclassified
147700,Workplace
147800,Residential
147900,Unclassified
148000,Residential
148100,Unclassified
148200,Unclassified
148300,Residential
148400,Residential
148500,Residential
148600,Unclassified
148700,Unclassified
148800,Residential
148900,Unclassified
149000,Unclassified
149100,Workplace
149200,Residential
149300,Residential
149400,Unclassified
149500,Unclassified
149600,Workplace
149700,Residential
149800,Unclassified
149900,Unclassified
150000,Residential
150100,Workplace
150200,Unclassified
150300,Unclassified
150400,Residential
150500,Residential
150600,Residential
150700,Unclassified
150800,Residential
150900,Unclassified
151000,Unclassified
151100,Recreational
151200,Residential
151300,Unclassified
151400,Workplace
151500,Unclassified
151600,Unclassified
151700,Unclassified
151800,Residential
151900,Unclassified
152000,Residential
152100,Unclassified
152200,Residential
152300,Workplace
152400,Residential
152500,Residential
152600,Residential
152700,Workplace
152800,Unclassified
152900,Residential
153000,Unclassified
153100,Unclassified
153200,Residential
153300,Unclassified
153400,Residential
153500,Unclassified
153600,Unclassified
153700,Residential
153800,Unclassified
153900,Residential
154000,Unclassified
154100,Residential
154200,Residential
154300,Residential
154400,Unclassified
154500,Unclassified
154600,Unclassified
154700,Residential
154800,Residential
154900,Unclassified
155000,Residential
155100,Unclassified
155200,Residential
155300,Residential
155400,Residential
155500,Workplace
155600,Residential
155700,Unclassified
155800,Residential
155900,Residential
156000,Workplace
156100,Residential
156200,Residential
156300,Residential
156400,Residential
156500,Unclassified
156600,Residential
156700,Unclassified
156800,Residential
156900,Residential
157000,Unclassified
157100,Unclassified
157200,Residential
157300,Residential
157400,Residential
157500,Residential
157600,Workplace
157700,Residential
157800,Residential
157900,Unclassified
158000,Residential
158100,Residential
158200,Residential
158300,Residential
158400,Unclassified
158500,Residential
158600,Residential
158700,Residential
158800,Residential
158900,Residential
159000,Residential
159100,Residential
159200,Residential
159300,Residential
159400,Residential
159500,Residential
159600,Unclassified
159700,Residential
159800,Residential
159900,Residential
160000,Residential
160100,Unclassified
160200,Residential
160300,Residential
160400,Residential
160500,Residential
160600,Residential
160700,Residential
160800,Residential
160900,Unclassified
161000,Unclassified
161100,Residential
161200,Residential
161300,Residential
161400,Unclassified
161500,Residential
161600,Residential
161700,Unclassified
161800,Residential
161900,Unclassified
162000,Unclassified
162100,Residential
162200,Retail
162300,Unclassified
162400,Residential
162500,Unclassified
162600,Unclassified
162700,Residential
162800,Unclassified
162900,Unclassified
163000,Residential
163100,Unclassified
163200,Unclassified
163300,Residential
163400,Unclassified
163500,Residential
163600,Residential
163700,Unclassified
163800,Residential
163900,Residential
164000,Residential
164100,Unclassified
164200,Residential
164300,Unclassified
164400,Unclassified
164500,Unclassified
164600,Unclassified
164700,Unclassified
164800,Residential
164900,Residential
165000,Unclassified
165100,Unclassified
165200,Residential
165300,Unclassified
165400,Residential
165500,Residential
165600,Residential
165700,Unclassified
165800,Unclassified
165900,Unclassified
166000,Workplace
166100,Unclassified
166200,Unclassified
166300,Unclassified
166400,Residential
166500,Recreational
166600,Unclassified
166700,Recreational
166800,Unclassified
166900,Recreational
167000,Recreational
167100,Unclassified
167200,Unclassified
167300,Recreational
167400,Recreational
167500,Unclassified
167600,Unclassified
167700,Workplace
167800,Unclassified
167900,Unclassified
168000,Unclassified
168100,Recreational
168200,Recreational
168300,Unclassified
168400,Recreational
168500,Recreational
168600,Unclassified
168700,Unclassified
168800,Unclassified
168900,Unclassified
169000,Unclassified
169100,Unclassified
169200,Unclassified
169300,Unclassified
169400,Unclassified
169500,Residential
169600,Unclassified
169700,Residential
169800,Unclassified
169900,Unclassified
170000,Residential
170100,Residential
170200,Unclassified
170300,Residential
170400,Recreational
170500,Unclassified
170600,Unclassified
170700,Unclassified
170800,Unclassified
170900,Residential
171000,Unclassified
171100,Unclassified
171200,Unclassified
171300,Unclassified
171400,Unclassified
171500,Unclassified
171600,Recreational
171700,Unclassified
171800,Residential
171900,Unclassified
172000,Residential
172100,Residential
172200,Residential
172300,Unclassified
172400,Residential
172500,Residential
172600,Workplace
172700,Unclassified
172800,Residential
172900,Unclassified
173000,Unclassified
173100,Unclassified
173200,Unclassified
173300,Residential
173400,Unclassified
173500,Unclassified
173600,Unclassified
173700,Unclassified
173800,Unclassified
173900,Unclassified
174000,Unclassified
174100,Unclassified
174200,Unclassified
174300,Unclassified
174400,Unclassified
174500,Unclassified
174600,Unclassified
174700,Unclassified
174800,Unclassified
174900,Unclassified
175000,Unclassified
175100,Unclassified
175200,Workplace
175300,Residential
175400,Workplace
175500,Unclassified
175600,Unclassified
175700,Unclassified
175800,Residential
175900,Residential
176000,Unclassified
176100,Residential
176200,Residential
176300,Workplace
176400,Unclassified
176500,Residential
176600,Unclassified
176700,Residential
176800,Residential
176900,Residential
177000,Residential
177100,Residential
177200,Residential
177300,Unclassified
177400,Unclassified
177500,Residential
177600,Unclassified
177700,Unclassified
177800,Unclassified
177900,Unclassified
178000,Unclassified
178100,Residential
178200,Unclassified
178300,Unclassified
178400,Residential
178500,Residential
178600,Residential
178700,Unclassified
178800,Unclassified
178900,Workplace
179000,Workplace
179100,Residential
179200,Unclassified
179300,Workplace
179400,Workplace
179500,Workplace
179600,Unclassified
179700,Workplace
179800,Workplace
179900,Unclassified
180000,Unclassified
180100,Unclassified
180200,Residential
180300,Unclassified
180400,Residential
180500,Unclassified
180600,Unclassified
180700,Unclassified
180800,Unclassified
180900,Residential
181000,Residential
181100,Residential
181200,Unclassified
181300,Unclassified
181400,Residential
181500,Residential
181600,Unclassified
181700,Unclassified
181800,Unclassified
181900,Residential
182000,Unclassified
182100,Residential
182200,Unclassified
182300,Unclassified
182400,Unclassified
182500,Unclassified
182600,Residential
182700,Unclassified
182800,Unclassified
182900,Unclassified
183000,Residential
183100,Unclassified
183200,Workplace
183300,Unclassified
183400,Residential
183500,Unclassified
183600,Unclassified
183700,Residential
183800,Residential
183900,Residential
184000,Unclassified
184100,Workplace
184200,Unclassified
184300,Unclassified
184400,Unclassified
184500,Residential
184600,Unclassified
184700,Residential
184800,Residential
184900,Unclassified
185000,Unclassified
185100,Unclassified
185200,Recreational
185300,Unclassified
185400,Unclassified
185500,Unclassified
185600,Unclassified
185700,Unclassified
185800,Unclassified
185900,Unclassified
186000,Unclassified
186100,Unclassified
186200,Unclassified
186300,Unclassified
186400,Unclassified
186500,Unclassified
186600,Unclassified
186700,Workplace
186800,Unclassified
186900,Residential
187000,Unclassified
187100,Unclassified
187200,Unclassified
187300,Unclassified
187400,Unclassified
187500,Unclassified
187600,Residential
187700,Unclassified
187800,Unclassified
187900,Recreational
188000,Residential
188100,Unclassified
188200,Unclassified
188300,Unclassified
188400,Unclassified
188500,Unclassified
188600,Unclassified
188700,Unclassified
188800,Unclassified
188900,Unclassified
189000,Unclassified
189100,Unclassified
189200,Unclassified
189300,Residential
189400,Unclassified
189500,Unclassified
189600,Unclassified
189700,Unclassified
189800,Unclassified
189900,Unclassified
190100,Recreational
190200,Recreational
190300,Unclassified
190400,Residential
190500,Residential
190600,Unclassified
190700,Residential
190800,Unclassified
190900,Residential
191000,Residential
191100,Unclassified
191200,Unclassified
191300,Unclassified
191400,Unclassified
191500,Unclassified
191600,Residential
191700,Residential
191800,Unclassified
191900,Unclassified
192000,Unclassified
192100,Unclassified
192200,Residential
192300,Residential
192400,Residential
192500,Unclassified
192600,Residential
192700,Unclassified
192800,Unclassified
192900,Residential
193000,Unclassified
193100,Unclassified
193200,Residential
193300,Unclassified
193400,Unclassified
193500,Residential
193600,Unclassified
193700,Unclassified
193800,Workplace
193900,Workplace
194000,Unclassified
194100,Unclassified
194200,Unclassified
194300,Unclassified
194400,Workplace
194500,Workplace
194600,Residential
194700,Workplace
194800,Workplace
194900,Unclassified
195000,Unclassified
195100,Unclassified
195200,Residential
195300,Unclassified
195400,Unclassified
195500,Unclassified
195600,Residential
195700,Unclassified
195800,Unclassified
195900,Residential
196000,Unclassified
196100,Unclassified
196200,Residential
196300,Residential
196400,Unclassified
196500,Unclassified
196600,Residential
196700,Residential
196800,Residential
196900,Residential
197000,Residential
197100,Residential
197200,Residential
197300,Residential
197400,Residential
197600,Residential
197700,Unclassified
197800,Unclassified
197900,Unclassified
198000,Residential
198100,Residential
198200,Unclassified
198300,Unclassified
198400,Residential
198500,Unclassified
198600,Residential
198700,Residential
198800,Residential
198900,Unclassified
199000,Workplace
199100,Residential
199200,Residential
199300,Workplace
199400,Unclassified
199500,Unclassified
199600,Residential
199700,Unclassified
199800,Workplace
199900,Unclassified
200000,Residential
200100,Workplace
200200,Residential
200300,Unclassified
200400,Unclassified
200500,Unclassified
200600,Residential
200700,Residential
200800,Unclassified
200900,Residential
201000,Unclassified
201100,Workplace
201200,Unclassified
201300,Workplace
201400,Unclassified
201500,Residential
201600,Unclassified
201700,Unclassified
201800,Unclassified
201900,Unclassified
202000,Unclassified
202100,Unclassified
202200,Unclassified
202300,Unclassified
202400,Unclassified
202500,Workplace
202600,Residential
202700,Workplace
202800,Unclassified
202900,Unclassified
203000,Unclassified
203100,Unclassified
203200,Residential
203300,Unclassified
203400,Unclassified
203500,Unclassified
203600,Unclassified
203700,Unclassified
203800,Workplace
203900,Unclassified
204000,Residential
204100,Residential
204200,Unclassified
204300,Unclassified
204400,Unclassified
204500,Unclassified
204600,Unclassified
204700,Unclassified
204800,Unclassified
204900,Unclassified
205000,Unclassified
205100,Unclassified
205200,Unclassified
205300,Unclassified
205400,Unclassified
205500,Unclassified
205600,Workplace
205700,Unclassified
205800,Residential
205900,Unclassified
206000,Residential
206100,Residential
206200,Unclassified
206300,Residential
206400,Unclassified
206500,Workplace
206600,Residential
206700,Unclassified
206800,Workplace
206900,Unclassified
207000,Residential
207100,Residential
207200,Unclassified
207300,Residential
207400,Unclassified
207600,Unclassified
207700,Unclassified
207800,Unclassified
207900,Unclassified
208000,Unclassified
208100,Unclassified
208200,Unclassified
208300,Unclassified
208400,Workplace
208500,Unclassified
208600,Workplace
208700,Unclassified
208800,Unclassified
208900,Workplace
209000,Unclassified
209100,Residential
209200,Residential
209300,Unclassified
209400,Workplace
209500,Workplace
209600,Unclassified
209700,Unclassified
209800,Unclassified
209900,Residential
210000,Unclassified
210100,Unclassified
210200,Unclassified
210300,Unclassified
210400,Workplace
210500,Workplace
210600,Unclassified
210700,Unclassified
210800,Unclassified
210900,Unclassified
211000,Residential
211100,Residential
211200,Unclassified
211300,Unclassified
211400,Unclassified
211500,Unclassified
211600,Unclassified
211700,Residential
211800,Residential
211900,Residential
212000,Residential
212100,Residential
212200,Unclassified
212300,Unclassified
212400,Residential
212500,Unclassified
212600,Unclassified
212700,Residential
212800,Workplace
212900,Unclassified
213000,Residential
213100,Residential
213200,Unclassified
213300,Unclassified
213400,Unclassified
213500,Residential
213600,Residential
213700,Unclassified
213800,Residential
213900,Unclassified
214000,Residential
214100,Unclassified
214200,Residential
214300,Workplace
214400,Residential
214500,Unclassified
214600,Unclassified
214700,Residential
214800,Unclassified
214900,Unclassified
215000,Residential
215100,Residential
215200,Unclassified
215300,Residential
215400,Unclassified
215500,Unclassified
215600,Unclassified
215700,Residential
215800,Unclassified
215900,Unclassified
216000,Unclassified
216100,Unclassified
216200,Unclassified
216300,Residential
216400,Residential
216500,Residential
216600,Unclassified
216700,Residential
216800,Residential
216900,Workplace
217000,Workplace
217100,Residential
217200,Residential
217300,Workplace
217400,Unclassified
217500,Unclassified
217600,Unclassified
217700,Workplace
217800,Residential
217900,Residential
218000,Unclassified
218100,Unclassified
218200,Unclassified
218300,Unclassified
218400,Unclassified
218500,Residential
218600,Residential
218700,Residential
218800,Unclassified
218900,Unclassified
219000,Unclassified
219100,Residential
219200,Unclassified
219300,Residential
219400,Unclassified
219500,Unclassified
219600,Residential
219700,Unclassified
219800,Unclassified
219900,Unclassified
220000,Unclassified
220100,Unclassified
220200,Residential
220300,Unclassified
220400,Unclassified
220500,Unclassified
220600,Unclassified
220700,Unclassified
220800,Unclassified
220900,Unclassified
221000,Unclassified
221100,Unclassified
221200,Unclassified
221300,Unclassified
221400,Unclassified
221500,Unclassified
221600,Unclassified
221700,Unclassified
221800,Unclassified
221900,Workplace
222000,Unclassified
222100,Unclassified
222200,Unclassified
222300,Unclassified
222400,Unclassified
222500,Unclassified
222600,Workplace
222700,Unclassified
222800,Unclassified
222900,Unclassified
223000,Unclassified
223100,Unclassified
223200,Unclassified
223300,Unclassified
223400,Unclassified
223500,Residential
223600,Residential
223700,Residential
223800,Residential
223900,Residential
224000,Residential
224100,Unclassified
224200,Residential
224300,Residential
224400,Residential
224500,Residential
224600,Residential
224700,Workplace
224800,Unclassified
224900,Residential
225000,Workplace
225100,Residential
225200,Unclassified
225300,Unclassified
225400,Workplace
225500,Residential
225600,Unclassified
225700,Workplace
225800,Unclassified
225900,Unclassified
226000,Unclassified
226100,Unclassified
226200,Residential
226300,Unclassified
226400,Unclassified
226500,Unclassified
226600,Unclassified
226700,Unclassified
226800,Unclassified
226900,Unclassified
227000,Unclassified
227100,Unclassified
227200,Residential
227300,Workplace
227400,Residential
227500,Unclassified
227600,Residential
227700,Residential
227800,Unclassified
227900,Residential
228000,Unclassified
228100,Unclassified
228200,Unclassified
228300,Unclassified
228400,Unclassified
228500,Unclassified
228600,Unclassified
228700,Residential
228800,Unclassified
228900,Workplace
229000,Unclassified
229100,Unclassified
229200,Workplace
229300,Unclassified
229400,Unclassified
229500,Residential
229600,Workplace
229700,Unclassified
229800,Workplace
229900,Residential
230000,Residential
230100,Unclassified
230200,Workplace
230300,Unclassified
230400,Residential
230500,Workplace
230600,Workplace
230700,Residential
230800,Unclassified
230900,Unclassified
231000,Workplace
231100,Residential
231200,Unclassified
231300,Residential
231400,Unclassified
231500,Residential
231600,Unclassified
231700,Unclassified
231800,Residential
231900,Workplace
232000,Unclassified
232100,Workplace
232200,Residential
232300,Residential
232400,Unclassified
232500,Workplace
232600,Unclassified
232700,Workplace
232800,Unclassified
232900,Unclassified
233000,Unclassified
233100,Unclassified
233200,Unclassified
233300,Unclassified
233400,Unclassified
233500,Unclassified
233600,Unclassified
233700,Unclassified
233800,Unclassified
233900,Unclassified
234000,Unclassified
234100,Residential
234200,Unclassified
234300,Unclassified
234400,Residential
234500,Residential
234600,Unclassified
234700,Unclassified
234800,Unclassified
234900,Unclassified
235000,Workplace
235100,Residential
235200,Workplace
235300,Unclassified
235400,Unclassified
235500,Unclassified
235600,Unclassified
235700,Unclassified
235800,Unclassified
235900,Unclassified
236000,Residential
236100,Unclassified
236200,Residential
236300,Residential
236400,Unclassified
236500,Unclassified
236600,Unclassified
236700,Unclassified
236800,Residential
236900,Unclassified
237000,Residential
237100,Residential
237200,Residential
237300,Residential
237400,Residential
237500,Unclassified
237600,Unclassified
237700,Unclassified
237800,Unclassified
237900,Residential
238000,Unclassified
238100,Unclassified
238200,Unclassified
238300,Unclassified
238400,Unclassified
238500,Residential
238600,Unclassified
238800,Unclassified
238900,Unclassified
239000,Unclassified
239100,Unclassified
239200,Residential
239300,Unclassified
239400,Unclassified
239500,Residential
239600,Residential
239700,Unclassified
239800,Residential
239900,Unclassified
240000,Unclassified
240100,Unclassified
240200,Residential
240300,Residential
240400,Residential
240500,Unclassified
240600,Residential
240700,Residential
240800,Residential
240900,Unclassified
241000,Residential
241100,Residential
241200,Unclassified
241300,Residential
241400,Unclassified
241500,Residential
241600,Unclassified
241700,Residential
241800,Residential
241900,Residential
242000,Unclassified
242100,Residential
242200,Unclassified
242300,Residential
242400,Unclassified
242500,Residential
242600,Residential
242700,Residential
242800,Residential
242900,Residential
243000,Unclassified
243100,Unclassified
243200,Residential
243300,Unclassified
243400,Unclassified
243500,Unclassified
243600,Residential
243700,Unclassified
243800,Unclassified
243900,Unclassified
244000,Unclassified
244100,Residential
244200,Unclassified
244300,Retail
244400,Residential
244500,Residential
244600,Unclassified
244700,Unclassified
244800,Retail
244900,Residential
245000,Unclassified
245100,Unclassified
245200,Residential
245300,Residential
245400,Residential
245500,Residential
245600,Residential
245700,Workplace
245800,Residential
245900,Residential
246000,Residential
246100,Residential
246200,Residential
246300,Residential
246400,Residential
246500,Unclassified
246600,Residential
246700,Unclassified
246800,Residential
246900,Residential
247000,Residential
247100,Residential
247200,Residential
247300,Residential
247400,Residential
247500,Unclassified
247600,Residential
247700,Unclassified
247800,Residential
247900,Unclassified
248000,Unclassified
248100,Residential
248200,Unclassified
248300,Residential
248400,Residential
248500,Residential
248600,Residential
248700,Residential
248800,Residential
248900,Unclassified
249000,Residential
249100,Residential
249200,Residential
249300,Residential
249400,Residential
249500,Residential
249600,Residential
249700,Unclassified
249800,Residential
249900,Residential
250000,Residential
250100,Residential
250200,Unclassified
250300,Unclassified
250400,Residential
250500,Unclassified
250600,Residential
250700,Workplace
250800,Residential
250900,Workplace
251000,Workplace
251100,Residential
251200,Residential
251300,Workplace
251400,Workplace
251500,Residential
251600,Workplace
251700,Workplace
251800,Unclassified
251900,Residential
252000,Unclassified
252100,Workplace
252200,Residential
252300,Unclassified
252400,Workplace
252500,Unclassified
252600,Unclassified
252700,Residential
252800,Residential
252900,Workplace
253000,Unclassified
253100,Unclassified
253200,Residential
253300,Residential
253400,Residential
253500,Residential
253600,Unclassified
253700,Unclassified
253800,Residential
253900,Residential
254000,Residential
254100,Unclassified
254200,Unclassified
254300,Residential
254400,Residential
254500,Residential
254600,Residential
254700,Residential
254800,Residential
254900,Residential
255000,Unclassified
255100,Unclassified
255200,Residential
255300,Unclassified
255400,Unclassified
255500,Unclassified
255600,Unclassified
255700,Unclassified
255800,Unclassified
255900,Workplace
256000,Unclassified
256100,Workplace
256200,Residential
256300,Unclassified
256400,Unclassified
256500,Unclassified
256600,Residential
256700,Unclassified
256800,Unclassified
256900,Unclassified
257000,Unclassified
257100,Residential
257200,Unclassified
257300,Unclassified
257400,Unclassified
257500,Residential
257600,Residential
257700,Unclassified
257800,Recreational
257900,Recreational
258200,Unclassified
258300,Unclassified
258400,Residential
258500,Unclassified
258600,Residential
258700,Unclassified
258800,Residential
258900,Residential
259000,Unclassified
259100,Unclassified
259200,Residential
259300,Unclassified
259400,Unclassified
259500,Unclassified
259600,Unclassified
259700,Unclassified
259900,Residential
300200,Unclassified
300300,Recreational
300400,Residential
300500,Workplace
300600,Unclassified
300700,Unclassified
300800,Unclassified
300900,Unclassified
301000,Unclassified
301100,Unclassified
301200,Unclassified
301300,Unclassified
301400,Unclassified
301500,Unclassified
301600,Unclassified
301700,Unclassified
301800,Unclassified
301900,Unclassified
302000,Unclassified
302100,Unclassified
302200,Unclassified
302300,Residential
302400,Workplace
302500,Residential
302600,Unclassified
302700,Unclassified
302800,Workplace
302900,Unclassified
303000,Unclassified
303100,Unclassified
303200,Unclassified
303300,Unclassified
303400,Unclassified
303500,Unclassified
303600,Residential
303700,Unclassified
303800,Unclassified
303900,Workplace
304000,Workplace
304100,Residential
304200,Unclassified
304300,Unclassified
304400,Unclassified
304500,Unclassified
304600,Unclassified
304700,Workplace
304800,Unclassified
304900,Residential
305000,Unclassified
305100,Residential
305200,Unclassified
305300,Workplace
305400,Unclassified
305500,Unclassified
305600,Unclassified
305700,Workplace
305800,Residential
305900,Residential
306000,Residential
306100,Unclassified
306200,Unclassified
306300,Unclassified
306400,Unclassified
306500,Unclassified
306600,Unclassified
306700,Unclassified
306800,Unclassified
306900,Unclassified
307000,Unclassified
307100,Unclassified
307200,Residential
307300,Unclassified
307400,Unclassified
307500,Unclassified
307600,Unclassified
307700,Unclassified
307800,Unclassified
307900,Workplace
308000,Unclassified
308100,Unclassified
308200,Unclassified
308300,Unclassified
308400,Unclassified
308500,Residential
308600,Unclassified
308700,Residential
308800,Unclassified
308900,Unclassified
309000,Unclassified
309100,Unclassified
309200,Unclassified
309300,Unclassified
309400,Unclassified
309500,Unclassified
309600,Unclassified
309700,Unclassified
309800,Unclassified
309900,Unclassified
310000,Unclassified
310100,Residential
310200,Workplace
310300,Workplace
310400,Workplace
310500,Unclassified
310600,Unclassified
310700,Residential
310800,Unclassified
310900,Unclassified
311000,Unclassified
311100,Unclassified
311300,Unclassified
311400,Unclassified
311500,Unclassified
311700,Unclassified
311800,Unclassified
311900,Unclassified
312000,Unclassified
312100,Recreational
312200,Unclassified
312300,Recreational
312400,Unclassified
312500,Unclassified
312600,Unclassified
312700,Unclassified
312800,Residential
312900,Unclassified
313000,Residential
313100,Residential
313200,Residential
313300,Residential
313400,Residential
313500,Residential
313600,Residential
313700,Residential
313800,Unclassified
313900,Residential
314000,Residential
314100,Residential
314200,Unclassified
314300,Residential
314400,Workplace
314500,Residential
314600,Unclassified
314700,Residential
314800,Residential
314900,Unclassified
315000,Workplace
315100,Residential
315200,Residential
315300,Residential
315400,Residential
315500,Unclassified
315600,Residential
315700,Residential
315800,Residential
315900,Residential
316000,Residential
316100,Unclassified
316200,Residential
316300,Residential
316400,Unclassified
316500,Unclassified
316600,Unclassified
316700,Workplace
316800,Unclassified
316900,Residential
317000,Workplace
317100,Unclassified
317200,Unclassified
317300,Unclassified
317400,Residential
317500,Workplace
317600,Residential
317700,Residential
317800,Residential
317900,Residential
318000,Residential
318100,Unclassified
318200,Unclassified
318300,Residential
318400,Unclassified
318500,Residential
318600,Residential
318700,Unclassified
318800,Unclassified
318900,Residential
319000,Residential
319100,Workplace
319200,Unclassified
319300,Unclassified
319400,Unclassified
319500,Residential
319600,Residential
319700,Residential
319800,Unclassified
319900,Residential
320000,Retail
320100,Residential
320200,Unclassified
320300,Workplace
320400,Workplace
320500,Workplace
320600,Unclassified
320700,Unclassified
320800,Residential
320900,Unclassified
321000,Unclassified
321100,Unclassified
321200,Workplace
321300,Residential
321400,Unclassified
321500,Unclassified
321600,Residential
321700,Residential
321800,Workplace
321900,Unclassified
322000,Workplace
322100,Residential
322200,Unclassified
322300,Workplace
322400,Workplace
322500,Unclassified
322600,Unclassified
322700,Unclassified
322800,Residential
322900,Residential
323000,Unclassified
323100,Residential
323200,Workplace
323300,Unclassified
323400,Unclassified
323500,Workplace
323600,Residential
323700,Residential
323800,Residential
323900,Unclassified
324000,Residential
324100,Unclassified
324200,Retail
324300,Residential
324400,Unclassified
324500,Residential
324600,Unclassified
324700,Residential
324800,Residential
324900,Workplace
325000,Workplace
325100,Residential
325200,Unclassified
325300,Residential
325400,Residential
325500,Workplace
325600,Residential
325700,Workplace
325800,Workplace
325900,Unclassified
326000,Residential
326100,Workplace
326200,Residential
326300,Residential
326400,Workplace
326500,Unclassified
326600,Workplace
326700,Residential
326800,Unclassified
326900,Unclassified
327000,Unclassified
327100,Workplace
327200,Residential
327300,Residential
327400,Unclassified
327500,Residential
327600,Unclassified
327700,Residential
327800,Residential
327900,Residential
328000,Residential
328100,Workplace
328200,Residential
328300,Unclassified
328400,Residential
328500,Residential
328600,Residential
328700,Unclassified
328800,Workplace
328900,Unclassified
329000,Residential
329100,Residential
329200,Unclassified
329300,Unclassified
329400,Unclassified
329500,Residential
329600,Unclassified
329700,Residential
329800,Residential
329900,Unclassified
330000,Residential
330100,Residential
330200,Residential
330300,Unclassified
330400,Residential
330500,Residential
330600,Residential
330700,Unclassified
330800,Residential
330900,Unclassified
331000,Residential
331100,Residential
331200,Residential
331300,Residential
331400,Residential
331500,Workplace
331600,Unclassified
331700,Residential
331800,Unclassified
331900,Unclassified
332000,Unclassified
332100,Residential
332200,Unclassified
332300,Unclassified
332400,Residential
332500,Unclassified
332600,Unclassified
332700,Residential
332800,Unclassified
332900,Unclassified
333000,Residential
333100,Residential
333200,Unclassified
333300,Recreational
333400,Unclassified
333500,Recreational
333600,Unclassified
333700,Unclassified
333800,Unclassified
333900,Residential
334000,Unclassified
334100,Residential
334200,Unclassified
334300,Unclassified
334400,Residential
334500,Unclassified
334600,Residential
334700,Unclassified
334800,Workplace
334900,Residential
335000,Unclassified
335100,Residential
335200,Residential
335300,Residential
335400,Unclassified
335500,Residential
335600,Unclassified
335700,Unclassified
335800,Residential
335900,Residential
336000,Unclassified
336100,Residential
336200,Residential
336300,Unclassified
336400,Residential
336500,Residential
336600,Unclassified
336700,Unclassified
336800,Unclassified
336900,Unclassified
337000,Unclassified
337100,Unclassified
337200,Unclassified
337300,Unclassified
337400,Unclassified
337500,Unclassified
337600,Unclassified
337700,Unclassified
337800,Unclassified
337900,Residential
338000,Workplace
338100,Unclassified
338200,Residential
338300,Unclassified
338400,Unclassified
338500,Unclassified
338600,Unclassified
338700,Unclassified
338800,Unclassified
338900,Unclassified
339000,Unclassified
339100,Unclassified
339200,Residential
339300,Unclassified
339400,Unclassified
339500,Unclassified
339600,Residential
339700,Residential
339800,Workplace
339900,Unclassified
340000,Residential
340100,Residential
340200,Residential
340300,Unclassified
340400,Residential
340500,Residential
340600,Unclassified
340700,Unclassified
340800,Unclassified
340900,Unclassified
341000,Residential
341100,Workplace
341200,Workplace
341300,Unclassified
341400,Residential
341500,Unclassified
341600,Residential
341700,Residential
341800,Unclassified
341900,Unclassified
342000,Unclassified
342100,Unclassified
342200,Unclassified
342300,Unclassified
342400,Unclassified
342500,Residential
342600,Unclassified
342700,Residential
342800,Unclassified
343100,Unclassified
343200,Residential
343300,Unclassified
343400,Unclassified
343500,Unclassified
343600,Unclassified
343700,Unclassified
343800,Residential
343900,Unclassified
344000,Unclassified
344100,Unclassified
344200,Unclassified
344300,Unclassified
344400,Workplace
344500,Unclassified
344600,Residential
344700,Unclassified
344800,Unclassified
344900,Unclassified
345000,Residential
345100,Unclassified
345200,Unclassified
345300,Residential
345400,Unclassified
345500,Unclassified
345600,Unclassified
345700,Unclassified
345800,Unclassified
345900,Unclassified
346000,Unclassified
346100,Unclassified
346200,Unclassified
346300,Unclassified
346400,Unclassified
346500,Residential
346600,Unclassified
346700,Unclassified
346800,Unclassified
346900,Residential
347000,Unclassified
347100,Residential
347200,Unclassified
347300,Unclassified
347400,Unclassified
347500,Unclassified
347600,Unclassified
347700,Workplace
347800,Residential
347900,Unclassified
348000,Unclassified
348100,Unclassified
348200,Unclassified
348300,Residential
348400,Workplace
348500,Unclassified
348600,Unclassified
348700,Unclassified
348800,Residential
348900,Unclassified
349000,Unclassified
349100,Residential
349200,Residential
349300,Unclassified
349400,Residential
349500,Residential
349600,Residential
349700,Residential
349800,Residential
349900,Residential
350000,Residential
350100,Residential
350200,Residential
350300,Residential
350400,Residential
350500,Residential
350600,Residential
350700,Residential
350800,Unclassified
350900,Residential
351000,Residential
351100,Residential
351200,Residential
351300,Residential
351400,Residential
351500,Unclassified
351600,Unclassified
351700,Residential
351800,Residential
351900,Residential
352000,Residential
352200,Unclassified
352300,Residential
352400,Workplace
352500,Residential
352600,Residential
352700,Unclassified
352800,Workplace
352900,Unclassified
353000,Residential
353100,Workplace
353200,Workplace
353300,Residential
353400,Workplace
353500,Residential
353600,Residential
353700,Workplace
353800,Workplace
353900,Residential
354000,Residential
354100,Residential
354200,Residential
354300,Workplace
354400,Residential
354500,Residential
354600,Unclassified
354700,Workplace
354800,Residential
354900,Workplace
355000,Residential
355100,Residential
355200,Residential
355300,Unclassified
355400,Residential
355500,Residential
355600,Residential
355700,Residential
355800,Unclassified
355900,Unclassified
356000,Unclassified
356100,Unclassified
356200,Unclassified
356300,Unclassified
356400,Unclassified
356500,Workplace
356600,Unclassified
356700,Unclassified
356800,Unclassified
356900,Residential
357000,Unclassified
357200,Unclassified
357300,Unclassified
357400,Residential
357500,Unclassified
357600,Unclassified
357700,Unclassified
357900,Unclassified
358000,Unclassified
358100,Unclassified
358200,Unclassified
358300,Unclassified
358400,Unclassified
358500,Unclassified
358600,Unclassified
358700,Unclassified
358800,Unclassified
358900,Unclassified
359000,Unclassified
359100,Unclassified
359200,Residential
359300,Unclassified
359400,Unclassified
359500,Unclassified
359600,Unclassified
359700,Unclassified
359800,Unclassified
359900,Unclassified
360000,Unclassified
360100,Workplace
360200,Unclassified
360300,Unclassified
360400,Unclassified
360500,Unclassified
360600,Residential
360700,Residential
360800,Residential
360900,Unclassified
361000,Workplace
361100,Unclassified
361200,Residential
361300,Workplace
361400,Residential
361500,Residential
361600,Unclassified
361700,Residential
361800,Unclassified
361900,Residential
362000,Workplace
362100,Unclassified
362200,Unclassified
362300,Residential
362400,Residential
362500,Residential
362600,Residential
362700,Residential
362800,Residential
362900,Residential
363000,Residential
363100,Unclassified
363200,Unclassified
363300,Unclassified
363400,Residential
363500,Unclassified
363600,Unclassified
363700,Unclassified
363800,Residential
363900,Unclassified
